segment,residual_median,residual_mad,p01,p10,p90,p99,residual_scale
Honda | 67 | Trước 2000,0.21825001495584484,4.619659546706616,1.05,4.15,28.5,46.5,6.849107243947229
Honda | Air Blade | 2000-2009,-0.5701873480090125,1.4791035203949718,4.92,6.5,15.479999999999999,316.7999999999941,2.192918879337585
Honda | Air Blade | 2010-2014,0.5608566852555477,2.078019871796265,0.8959999999999999,8.26,18.680000000000007,42.60000000000005,3.080872261925142
Honda | Air Blade | 2015-2019,0.45240239196247956,2.877449655951306,3.880000000000001,13.2,27.140000000000008,58.29999999999998,4.266106859913406
Honda | Air Blade | 2020-2025,0.9789668951951569,4.617540556972074,1.0,18.5,50.0,60.800000000000026,6.845965629766797
Honda | Blade | 2015-2019,-1.2720900532036126,1.4953611066688026,2.77188,7.48,18.299999999999994,27.511999999999997,2.217022376747167
Honda | Click | 2000-2009,-0.9239337105932357,0.852926286097679,6.569,6.930000000000001,9.85,11.994,1.2645485117684188
Honda | Click | 2010-2014,0.30066714890614055,3.3219492631200085,5.23,6.0,30.0,34.08,4.925121977501724
Honda | Cub | Trước 2000,-0.4252647940612393,4.090034244622075,1.445,3.95,22.300000000000026,57.98999999999994,6.063884771076688
Honda | Dream | 2000-2009,-0.23333752030364519,3.7454081565225863,2.3,2.64,27.820000000000004,62.279999999999994,5.5529421328603865
Honda | Dream | Trước 2000,-0.20311044945869483,8.58698200428826,1.6955,6.8088888,39.8,95.09000000000013,12.731059519557773
Honda | Dylan | 2000-2009,-2.4356870446167598,4.317047352185991,2.1129499999999997,9.0,37.0,74.49999999999997,6.40045440435095
Honda | Dòng khác | 2000-2009,0.18740042484234998,3.5648015548544407,2.0,3.12,31.80000000000001,239.0799999999992,5.285174785227193
Honda | Dòng khác | 2020-2025,7.966490457333336,15.713349309593845,3.6670000000000003,9.98,110.99999999999997,405.35999999999984,23.296611686403832
Honda | Dòng khác | Trước 2000,0.8959263561792685,8.160404151288391,4.048,4.7,108.0,143.99999999999994,12.098615194700168
Honda | Future | 2000-2009,-0.195958492027275,5.8608990433649115,3.7,8.0,39.5,60.0,8.689368921692818
Honda | Future | 2010-2014,2.404940021818792,4.96346712954152,0.45792,5.2,36.599999600000004,58.19600000000001,7.358836366258258
Honda | Future | 2015-2019,0.6095397974094219,3.0797637124925252,4.7,12.0,27.0,34.80000000000001,4.566057680141418
Honda | Future | 2020-2025,0.9294672966094453,2.492152043728728,0.017797,18.400000000000002,36.0,40.878,3.694864620032212
Honda | Lead | 2000-2009,-1.354382538564959,1.1519246585696088,3.512,4.68,8.56,9.975999999999999,1.707843498795302
Honda | Lead | 2010-2014,-0.5382218197819544,1.5440777917445585,5.761,6.970000000000001,16.0,18.064999999999998,2.2892497340404825
Honda | Lead | 2015-2019,0.6098380997601502,1.9998767034975415,5.25,14.5,29.8,43.25,2.965017200605455
Honda | Lead | 2020-2025,2.692608759860537,3.0896203742660724,7.146000000000001,27.6,44.96,55.08999999999998,4.580671166886878
Honda | PCX | 2010-2014,3.6440434709799145,3.6602052954869517,7.4399999999999995,13.0,25.18,33.319999999999986,5.426620371088954
Honda | SH Mode | 2015-2019,1.425700522652992,3.0256717788542744,5.3202,28.65,43.2,61.364620000000045,4.485860979329347
Honda | SH Mode | 2020-2025,3.8174459132808742,2.995707543320915,2.6306000000000003,48.0,65.5,67.83,4.441436003727588
Honda | SH | 2000-2009,1.5824630289550754,14.490674056713946,16.05,28.349999999999998,109.70000000000002,143.69999999999993,21.483873356484096
Honda | SH | 2010-2014,0.744913529898831,27.14247292682779,27.55,44.25,194.0,239.64999999999978,40.241430361314876
Honda | SH | 2015-2019,1.5436008522022888,6.298672228714839,0.15342,39.0,90.0,266.39999999999986,9.33841144629262
Honda | SH | 2020-2025,1.9508968372286688,8.358676932175527,0.8650000000000001,66.4,122.9,290.2500000000002,12.392574419643436
Honda | Tay côn/Moto,0.34773338848088997,7.942114647131895,0.1146659,8.66,139.04000000000002,280.1,11.774979175837746
Honda | Tay ga,1.1060250305075456,6.439687238710455,2.41,5.66,61.45,116.20000000000061,9.54748030011212
Honda | Vario | 2015-2019,-0.44698153669713037,5.531327551407145,3.7794249999999985,28.5,60.0,93.29999999999998,8.200746227716232
Honda | Vario | 2020-2025,1.5898587922193173,4.14580671028466,25.12,29.5999994,47.400000000000006,52.879999999999995,6.146573028668036
Honda | Vision | 2010-2014,0.10249877665650864,1.6287784625256592,6.9399999999999995,8.8,13.2,15.299999999999997,2.4148269485405423
Honda | Vision | 2015-2019,-0.2937034998097765,1.7012449234082503,9.808,15.2,23.5,26.43999999999999,2.522265723445072
Honda | Vision | 2020-2025,-0.3749078020892824,2.5009397302483656,3.8260000000000005,20.25,35.5,89.25000000000004,3.7078932440662267
Honda | Wave | 2000-2009,0.11650359216794559,2.551191857762629,1.3780000000000001,3.6800000000000006,23.5,54.14000000000007,3.782397048318874
Honda | Wave | 2010-2014,-0.046598696795729255,1.2457081531336232,1.662,3.5,10.770000000000003,14.189999999999998,1.8468869078359096
Honda | Wave | 2015-2019,0.34099917791961154,1.7886767368546135,1.837,3.5700000000000003,14.649999999999999,39.99999963,2.65189213006065
Honda | Wave | 2020-2025,0.16475432990813665,2.350345484599787,2.2840000000000003,10.74,22.60000000000001,81.16,3.4846222154676436
Honda | Winner X | 2015-2019,-0.54253451008349,1.6013929429724216,13.25,15.9,21.25,22.75,2.374225177250912
Honda | Winner X | 2020-2025,0.5968849162217875,2.442829696941562,8.635,17.0,31.0,38.70399999999999,3.6217393086855596
Honda | Winner | 2015-2019,-0.21965827355828527,2.411215462686098,0.72935,11.65,20.5,27.460000000000015,3.574868044978409
Honda | Xe số,-0.6032597254753682,4.468777767535535,1.504,2.9,30.900000000000006,107.69999999999985,6.625409918148184
Hãng khác | Dòng khác | 2000-2009,-0.6389118299539609,1.6180000230609373,1.249,2.23,9.350000000000001,93.50000000000009,2.3988468341901457
Hãng khác | Dòng khác | 2010-2014,-0.9919767785591609,1.7053106984807767,1.936,2.38,18.199999999999996,73.40000000000003,2.528293641567599
Hãng khác | Dòng khác | 2015-2019,-1.525006129815317,2.4814379641498387,0.6648,2.4000000000000004,26.60000000000001,52.95999999999998,3.6789799256485507
Hãng khác | Dòng khác | 2020-2025,-1.5482738590000338,5.23345184408543,2.25,4.7,41.5,154.0,7.759115704041058
Hãng khác | Dòng khác | Trước 2000,-0.5616276493980905,6.776791982302646,0.615,2.22,48.999999999999986,95.39999999999999,10.047271792961903
Kawasaki | Tay côn/Moto,10.27035507322282,48.87404003361556,1.8413,22.240000000000002,193.00000000000006,318.79999999999995,72.46065175383842
Nhóm hiếm,-1.2070582467139621,5.005564910029574,1.2862699999999998,3.91,69.69999999999996,374.5000000000001,7.421250535609846
Piaggio | Liberty | 2010-2014,-0.13216458711026657,1.4202888486768783,3.495,5.5,12.0,13.967,2.10572024704834
Piaggio | Tay ga,0.5640683778553504,4.748710855187506,2.859,6.0,61.35000000000001,95.22999952999999,7.040438713900995
Piaggio | Vespa | 2010-2014,0.23322581744537985,3.397093442222948,4.364,6.0,29.98,40.760000000000005,5.036530737439742
Piaggio | Vespa | 2015-2019,2.55230115596261,4.876882421892219,2.1493824,22.0,48.5,58.99999999999999,7.230465878697403
Piaggio | Vespa | 2020-2025,0.36441400194396323,6.544919954217679,3.379492,45.300000000000004,77.9,417.25000000000045,9.70349832412313
SYM | Attila | 2000-2009,-0.11338217893836333,0.9058596908353205,1.21348113,1.58,4.0,6.190389999999998,1.343027577632446
SYM | Attila | 2010-2014,-0.05347296529539469,1.1187489910934885,1.425,2.25,6.25,9.214999999999996,1.6586572541952058
SYM | Tay côn/Moto,-1.136305088448137,4.156002825473953,4.23,5.8500000000000005,19.549999999999997,24.31,6.161689789047682
SYM | Tay ga,-0.25206487575529746,1.4048611931715627,1.665,2.5,9.95,19.774999999999984,2.082847204996159
SYM | Xe số,-0.161516587544428,1.5309127556155324,1.347,2.1700000000000004,10.200000000000003,13.156999999999998,2.269731251475588
Suzuki | Hayate | 2010-2014,-0.418325791311112,0.8574060263736714,1.854,3.2,5.4,9.52,1.271190174701605
Suzuki | Raider | 2015-2019,0.42796432610875357,1.96021509830668,7.272,11.7,22.900000000000002,24.711999999999996,2.9062149047494836
Suzuki | Tay côn/Moto,-0.20288364314238017,4.828677129443143,4.5,9.25,122.5,281.3,7.158996712112404
Suzuki | Tay ga,-0.9794345023045006,2.1022865469735246,1.6039999999999999,2.54,16.6,40.261999999999944,3.1168500345429475
Suzuki | Xe số,-0.29965069558311797,3.860796945129671,1.767839,3.9,147.0,235.0,5.72401755084925
Tay côn/Moto | 100 - 175 cc,-4.182358377686568,3.546061615122799,3.951,5.0,38.2,71.99499999999998,5.257390950581061
Tay côn/Moto | Trên 175 cc,9.154614263516848,76.31964008658471,12.060122100000001,33.7,364.50000000000006,761.3799999999997,113.15149839237048
Tay ga | Dưới 50 cc,0.07876526759659441,1.6766009448536163,1.78,5.9,15.0,21.309999999999988,2.4857285608399713
Xe số | 50 - 100 cc,-0.4548218703766944,1.1593602341332172,1.161,2.3800000000000003,14.329999999999998,17.31,1.7188674831259076
Xe số | Dưới 50 cc,0.20430207729663685,1.3908693701577768,2.246,4.66,13.5,15.019999999999996,2.0621029281959196
Yamaha | Exciter | 2000-2009,8.759652787100435,7.827827778994912,12.515,27.1,59.54,67.07000000000001,11.605537465137855
Yamaha | Exciter | 2010-2014,0.3457598149526717,4.395719695277577,0.9135938800000001,10.120000000000001,47.19999999999999,68.33999999999992,6.517094020218536
Yamaha | Exciter | 2015-2019,-0.5350486989200238,2.675941610974986,1.51300176,13.5,26.82,40.0,3.967351032431514
Yamaha | Exciter | 2020-2025,1.1391349899659673,4.633760586528993,3.1274800000000003,21.9,37.1,323.79999999999967,6.870013445587885
Yamaha | Janus | 2015-2019,-0.6767203229638845,1.652925910179989,10.0,10.94,18.450000000000006,21.765,2.4506279544328513
Yamaha | Janus | 2020-2025,-2.2827432358234745,2.671474688657085,3.2685,13.3,26.400000000000002,27.74,3.960728373402994
Yamaha | Jupiter | 2000-2009,0.32994996974630464,1.9364685804218214,0.653168,3.2800000000000002,9.12,14.059999999999988,2.8710083173333922
Yamaha | Jupiter | 2010-2014,-0.30430907012067765,1.638313461587296,0.37815,2.85,9.9,11.175,2.428963538149325
Yamaha | Luvias | 2010-2014,0.6276792318141564,1.084504075432923,3.175,5.15,9.875,11.474999999999998,1.6078857422368515
Yamaha | Mio | 2000-2009,-0.5013616377191692,0.9864386839089301,1.56,3.86,12.099999999999998,17.987999999999992,1.4624939927633795
Yamaha | Mio | 2010-2014,0.375895088826383,0.9629939288141203,0.9773290000000001,3.77,7.5,9.541,1.4277347988598146
Yamaha | Nouvo | 2000-2009,-0.09020311704697481,0.7175950535008766,1.599,2.09,5.35,9.005000000000003,1.0639064263203997
Yamaha | Nouvo | 2010-2014,0.25461229542330877,1.1675248620899135,1.8639999999999999,3.0,7.59,9.090000000000003,1.7309723605345055
Yamaha | Nvx | 2015-2019,0.45435357300010537,1.9953737910345204,12.703,16.95,26.200000000000003,29.42,2.95834118258778
Yamaha | Sirius | 2000-2009,-0.4230448180025199,2.0757529554950676,1.4065599999999998,5.5,12.019999999999998,37.12000000000002,3.077511331816987
Yamaha | Sirius | 2010-2014,-0.03118704244599524,1.2475688815987862,2.678,3.68,10.170000000000002,13.829999999999998,1.8496456238583603
Yamaha | Sirius | 2015-2019,-0.11901494019731373,1.4271364047197226,1.38851814,5.780000000000001,11.600000000000001,16.25200000000001,2.1158724336374606
Yamaha | Sirius | 2020-2025,-0.6817634019052212,2.689739400771745,2.9000000000000004,9.9,17.5,20.259999999999998,3.987807635584189
Yamaha | Tay côn/Moto,3.746462772909103,7.005024754511107,4.885000000000001,16.87,76.49999999999999,471.5999999999991,10.385649701038167
Yamaha | Tay ga,0.8569543553841399,3.9995018955938093,1.6039999999999999,3.9,42.0,118.5999999999998,5.9296615104073815
Yamaha | Xe số,0.0912937383505974,3.079125561850702,1.091815,4.74,39.85,104.27000000000001,4.565111557999851
